id,dbn,school_name,cohort_year,cohort_category,students,grads,regents,adv_regents,local,enrolled,dropouts,address,long,lat
13,"01M292","HENRY STREET SCHOOL FOR INTERNATIONAL STUDIES",2007,"4 Year August",77,45,0,29,16,22,5,NULL,-73.9866,40.7134
35,"01M448","UNIVERSITY NEIGHBORHOOD HIGH SCHOOL",2007,"4 Year August",150,106,17,63,26,18,17,NULL,-73.984,40.7123
57,"01M450","EAST SIDE COMMUNITY SCHOOL",2007,"4 Year August",89,63,0,63,0,16,7,NULL,-73.9824,40.7293
79,"01M509","MARTA VALLE SECONDARY SCHOOL",2007,"4 Year August",95,53,8,29,16,22,15,NULL,-73.9861,40.7202
101,"01M515","LOWER EAST SIDE PREPARATORY HIGH SCHOOL",2007,"4 Year August",235,81,42,29,10,80,69,NULL,-73.9862,40.72
117,"01M539","NEW EXPLORATIONS INTO SCIENCE,TECH AND MATH SCHOOL",2007,"4 Year August",128,122,88,34,0,3,3,NULL,-73.9796,40.7191
139,"01M650","CASCADES HIGH SCHOOL",2007,"4 Year August",118,50,0,32,18,49,18,NULL,-73.9905,40.7223
161,"01M696","BARD HIGH SCHOOL EARLY COLLEGE",2007,"4 Year August",125,123,0,123,0,1,1,NULL,-73.9761,40.7183
171,"02M047","AMERICAN SIGN LANGUAGE & ENGLISH SCHOOL",2007,"4 Year August",23,16,1,11,4,4,1,NULL,-73.9816,40.7384
184,"02M288","FOOD AND FINANCE HIGH SCHOOL",2007,"4 Year August",90,73,0,65,8,6,8,NULL,-73.993,40.7655
197,"02M294","ESSEX STREET ACADEMY",2007,"4 Year August",80,54,0,19,35,13,8,NULL,-73.9894,40.717
210,"02M296","HIGH SCHOOL OF HOSPITALITY MANAGEMENT",2007,"4 Year August",82,65,3,57,5,11,6,NULL,-73.9933,40.7656
223,"02M298","PACE HIGH SCHOOL",2007,"4 Year August",94,86,28,53,5,6,2,NULL,-73.9935,40.7164
236,"02M300","URBAN ASSEMBLY SCHOOL OF DESIGN AND CONSTRUCTION",2007,"4 Year August",86,57,0,52,5,23,4,NULL,-73.9935,40.7657
246,"02M303","FACING HISTORY SCHOOL (THE)",2007,"4 Year August",79,42,7,33,2,17,16,NULL,-73.9929,40.7656
256,"02M305","URBAN ASSEMBLY ACADEMY OF GOVERNMENT AND LAW",2007,"4 Year August",59,40,1,33,6,6,12,NULL,-73.9896,40.7171
266,"02M308","LOWER MANHATTAN ARTS ACADEMY",2007,"4 Year August",63,48,1,33,14,7,5,NULL,-73.9895,40.7174
282,"02M313","JAMES BALDWIN SCHOOL-A SCHOOL FOR EXPEDITIONARY LR",2007,"4 Year August",109,53,0,42,11,42,11,NULL,-74.0025,40.7436
292,"02M316","URBAN ASSEMBLY SCHOOL OF BUSINESS FOR YOUNG WOMEN",2007,"4 Year August",61,49,0,32,17,8,4,NULL,-74.013,40.7054
302,"02M374","GRAMERCY ARTS HIGH SCHOOL",2007,"4 Year August",72,56,2,46,8,10,4,NULL,-73.9873,40.7356
324,"02M400","HIGH SCHOOL FOR ENVIRONMENTAL STUDIES",2007,"4 Year August",340,283,109,149,25,33,16,NULL,-73.9883,40.7679
346,"02M407","INSTITUTE FOR COLLABORATIVE EDUCATION",2007,"4 Year August",54,45,0,39,6,7,2,NULL,-73.9829,40.7326
368,"02M408","PROFESSIONAL PERFORMING ARTS HIGH SCHOOL",2007,"4 Year August",100,94,10,76,8,4,2,NULL,-73.9885,40.7614
390,"02M411","BARUCH COLLEGE CAMPUS HIGH SCHOOL",2007,"4 Year August",106,106,69,31,6,0,0,NULL,-73.9858,40.7418
412,"02M412","NYC LAB HIGH SCHOOL FOR COLLABORATIVE STUDIES",2007,"4 Year August",137,132,62,67,3,4,1,NULL,-74.0023,40.7424
434,"02M413","SCHOOL OF THE FUTURE HIGH SCHOOL",2007,"4 Year August",88,75,0,75,0,9,4,NULL,-73.9853,40.7391
456,"02M414","NYC MUSEUM SCHOOL",2007,"4 Year August",98,96,38,55,3,2,0,NULL,-74.0025,40.7425
475,"02M416","ELEANOR ROOSEVELT HIGH SCHOOL",2007,"4 Year August",114,114,95,19,0,0,0,NULL,-73.9533,40.7702
494,"02M418","MILLENNIUM HIGH SCHOOL",2007,"4 Year August",146,142,69,64,9,4,0,NULL,-74.0113,40.7047
516,"02M419","LANDMARK HIGH SCHOOL",2007,"4 Year August",95,51,0,51,0,20,16,NULL,-74.0027,40.7437
538,"02M420","HIGH SCHOOL FOR HEALTH PROFESSIONS & HUMAN SERVICE",2007,"4 Year August",358,294,59,209,26,50,7,NULL,-73.9825,40.7324
560,"02M425","LEADERSHIP & PUBLIC SERVICE HIGH SCHOOL",2007,"4 Year August",151,117,12,81,24,13,12,NULL,-74.0125,40.709
582,"02M429","LEGACY SCHOOL FOR INTEGRATED STUDIES",2007,"4 Year August",103,31,1,25,5,44,24,NULL,-73.9956,40.7366
604,"02M439","MANHATTAN VILLAGE ACADEMY",2007,"4 Year August",90,88,48,38,2,0,0,NULL,-73.992,40.7419
626,"02M440","BAYARD RUSTIN EDUCATIONAL COMPLEX",2007,"4 Year August",292,112,7,50,55,87,82,NULL,-74.0022,40.7431
654,"02M449","VANGUARD HIGH SCHOOL",2007,"4 Year August",90,59,0,57,2,17,8,NULL,-73.9597,40.7654
676,"02M459","MANHATTAN INTERNATIONAL HIGH SCHOOL",2007,"4 Year August",65,38,0,38,0,18,6,NULL,-73.96,40.7655
698,"02M460","WASHINGTON IRVING HIGH SCHOOL",2007,"4 Year August",407,196,9,157,30,69,121,NULL,-73.9874,40.7354
720,"02M475","STUYVESANT HIGH SCHOOL",2007,"4 Year August",784,772,759,13,0,10,2,NULL,-74.0136,40.7179
742,"02M489","HIGH SCHOOL OF ECONOMICS & FINANCE",2007,"4 Year August",192,160,41,102,17,11,16,NULL,-74.0123,40.7093
764,"02M500","UNITY CENTER FOR URBAN TECHNOLOGIES",2007,"4 Year August",59,38,0,32,6,7,12,NULL,-73.9807,40.7465
786,"02M519","TALENT UNLIMITED HIGH SCHOOL",2007,"4 Year August",85,81,30,48,3,1,3,NULL,-73.9598,40.7657
808,"02M520","MURRY BERGTRAUM HIGH SCHOOL FOR BUSINESS CAREERS",2007,"4 Year August",562,369,41,280,48,93,80,NULL,-74.0014,40.7114
830,"02M529","JACQUELINE KENNEDY-ONASSIS HIGH SCHOOL",2007,"4 Year August",186,114,23,75,16,38,26,NULL,-73.9833,40.7577
852,"02M531","REPERTORY COMPANY HIGH SCHOOL FOR THEATRE ARTS",2007,"4 Year August",39,32,2,23,7,4,3,NULL,-73.9844,40.7561
874,"02M542","MANHATTAN BRIDGES HIGH SCHOOL",2007,"4 Year August",116,90,12,69,9,9,17,NULL,-73.9931,40.7657
890,"02M543","NEW DESIGN HIGH SCHOOL",2007,"4 Year August",89,65,0,47,18,8,16,NULL,-73.9892,40.7173
912,"02M544","INDEPENDENCE HIGH SCHOOL",2007,"4 Year August",225,51,0,25,26,118,49,NULL,-73.9886,40.768
928,"02M545","HIGH SCHOOL FOR DUAL LANGUAGE AND ASIAN STUDIES",2007,"4 Year August",77,75,55,17,3,2,0,NULL,-73.9894,40.7176
950,"02M550","LIBERTY HIGH SCHOOL ACADEMY FOR NEWCOMERS",2007,"4 Year August",83,42,8,22,12,16,23,NULL,-74.0002,40.7418
966,"02M551","NEW YORK HARBOR SCHOOL",2007,"4 Year August",90,62,6,48,8,12,14,NULL,-74.0205,40.6908
988,"02M560","HIGH SCHOOL 560 CITY-AS-SCHOOL",2007,"4 Year August",310,138,0,133,5,150,21,NULL,-74.0059,40.7292
1009,"02M565","URBAN ACADEMY LABORATORY HIGH SCHOOL",2007,"4 Year August",32,14,0,14,0,14,0,NULL,-73.9596,40.7657
1031,"02M570","SATELLITE ACADEMY HIGH SCHOOL",2007,"4 Year August",103,25,0,15,10,50,25,NULL,-73.9905,40.7475
1053,"02M575","MANHATTAN COMPREHENSIVE NIGHT AND DAY HIGH SCHOOL",2007,"4 Year August",355,160,43,97,20,118,77,NULL,-73.9843,40.7327
1075,"02M580","RICHARD R GREEN HIGH SCHOOL OF TEACHING",2007,"4 Year August",126,76,8,57,11,13,24,NULL,-74.013,40.7056
1097,"02M586","HARVEY MILK HIGH SCHOOL",2007,"4 Year August",31,10,0,5,5,12,7,NULL,-73.9924,40.7298
1119,"02M600","THE HIGH SCHOOL OF FASHION INDUSTRIES",2007,"4 Year August",384,351,56,260,35,15,11,NULL,-73.9964,40.7456
1141,"02M605","HUMANITIES PREPARATORY ACADEMY",2007,"4 Year August",63,54,0,54,0,8,1,NULL,-74.0025,40.7432
1163,"02M615","CHELSEA CAREER AND TECHNICAL EDUCATION HIGH SCHOOL",2007,"4 Year August",153,92,9,62,21,13,37,NULL,-74.0049,40.7245
1185,"02M620","NORMAN THOMAS HIGH SCHOOL",2007,"4 Year August",552,283,5,207,71,137,95,NULL,-73.981,40.7466
1207,"02M625","HIGH SCHOOL OF GRAPHIC COMMUNICATION ARTS",2007,"4 Year August",401,225,1,185,39,71,88,NULL,-73.9909,40.7636
1229,"02M630","ART AND DESIGN HIGH SCHOOL",2007,"4 Year August",274,216,38,156,22,35,17,NULL,-73.9659,40.7591
1251,"02M655","LIFE SCIENCES SECONDARY SCHOOL",2007,"4 Year August",113,85,10,56,19,14,11,NULL,-73.9459,40.7833
1284,"03M283","MANHATTAN THEATRE LAB HIGH SCHOOL",2007,"4 Year August",91,42,0,20,22,27,17,NULL,-73.9851,40.7746
1294,"03M299","HIGH SCHOOL FOR ARTS, IMAGINATION AND INQUIRY",2007,"4 Year August",87,51,1,33,17,13,17,NULL,-73.9855,40.7747
1307,"03M307","URBAN ASSEMBLY SCHOOL FOR MEDIA STUDIES",2007,"4 Year August",95,69,2,47,20,9,13,NULL,-73.9858,40.7748
1313,"03M404","INNOVATION DIPLOMA PLUS",2007,"4 Year August",131,32,0,27,5,80,14,NULL,-73.974,40.7857
1335,"03M415","WADLEIGH SECONDARY SCHOOL FOR THE PERFORMING ARTS",2007,"4 Year August",122,76,7,57,12,25,16,NULL,-73.9543,40.8027
1357,"03M470","LOUIS D BRANDEIS HIGH SCHOOL",2007,"4 Year August",452,167,18,88,61,116,138,NULL,-73.9739,40.7857
1379,"03M479","BEACON HIGH SCHOOL",2007,"4 Year August",284,280,0,250,30,2,2,NULL,-73.9884,40.7726
1401,"03M485","FIORELLO H LAGUARDIA HIGH SCHOOL OF MUSIC",2007,"4 Year August",601,592,469,120,3,6,3,NULL,-73.9855,40.774
1423,"03M492","HIGH SCHOOL FOR LAW, ADVOCACY AND COMMUNITY JUSTIC",2007,"4 Year August",102,76,24,45,7,12,11,NULL,-73.9861,40.775
1442,"03M494","HIGH SCHOOL OF ARTS AND TECHNOLOGY",2007,"4 Year August",142,102,2,83,17,23,13,NULL,-73.9858,40.7751
1464,"03M505","EDWARD A REYNOLDS WEST SIDE HIGH SCHOOL",2007,"4 Year August",238,68,1,46,21,135,30,NULL,-73.9667,40.7972
1480,"03M541","MANHATTAN/HUNTER SCIENCE HIGH SCHOOL",2007,"4 Year August",112,98,26,66,6,10,3,NULL,-73.9854,40.7749
1496,"03M860","FREDERICK DOUGLAS ACADEMY II SECONDARY SCHOOL",2007,"4 Year August",64,43,2,36,5,15,4,NULL,-73.954,40.8025
1518,"04M409","COALITION SCHOOL FOR SOCIAL CHANGE",2007,"4 Year August",106,55,0,30,25,16,28,NULL,-73.9337,40.799
1540,"04M435","MANHATTAN CENTER FOR SCIENCE & MATHEMATICS",2007,"4 Year August",388,356,214,131,11,17,3,NULL,-73.9333,40.794
1562,"04M495","PARK EAST HIGH SCHOOL",2007,"4 Year August",84,61,3,51,7,8,8,NULL,-73.944,40.7902
1584,"04M555","CENTRAL PARK EAST HIGH SCHOOL",2007,"4 Year August",62,50,1,42,7,8,3,NULL,-73.9488,40.7936
1606,"04M610","YOUNG WOMEN'S LEADERSHIP SCHOOL",2007,"4 Year August",64,63,4,53,6,1,0,NULL,-73.9472,40.7929
1628,"04M635","ACADEMY OF ENVIRONMENTAL SCIENCE SECONDARY SCHOOL",2007,"4 Year August",98,44,0,22,22,27,23,NULL,-73.942,40.7851
1650,"04M680","HERITAGE SCHOOL (THE)",2007,"4 Year August",77,48,8,34,6,19,8,NULL,-73.9468,40.792
1689,"05M285","HARLEM RENAISSENCE HIGH SCHOOL",2007,"4 Year August",89,36,0,26,10,38,15,NULL,-73.94,40.8078
1702,"05M304","MOTT HALL HIGH SCHOOL",2007,"4 Year August",93,67,0,57,10,9,6,NULL,-73.9474,40.8173
1704,"05M367","ACADEMY FOR SOCIAL ACTION-A COLLEGE BOARD SCHOOL",2007,"4 Year August",53,45,1,30,14,6,1,NULL,-73.9558,40.8156
1710,"05M369","URBAN ASSEMBLY FOR THE PERFORMING ARTS",2007,"4 Year August",70,49,0,45,4,11,7,NULL,-73.9555,40.8155
1732,"05M469","CHOIR ACADEMY OF HARLEM",2007,"4 Year August",45,30,0,17,13,12,2,NULL,-73.9389,40.8073
1754,"05M499","FREDERICK DOUGLASS ACADEMY",2007,"4 Year August",204,187,72,114,1,6,9,NULL,-73.9366,40.8241
1776,"05M670","THURGOOD MARSHALL ACADEMY FOR LEARNING & SOCIAL CH",2007,"4 Year August",95,74,1,61,12,12,3,NULL,-73.9442,40.8152
1798,"05M685","BREAD & ROSES INTEGRATED ARTS HIGH SCHOOL",2007,"4 Year August",129,59,1,42,16,33,28,NULL,-73.9471,40.8175
1817,"05M692","HIGH SCHOOL MATH SCIENCE AND ENGINEERING AT CCNY",2007,"4 Year August",111,109,95,14,0,1,1,NULL,-73.9489,40.8214
1839,"06M462","HIGH SCHOOL FOR INTERNATIONAL-BUSINESS & FINANCE",2007,"4 Year August",169,115,7,88,20,21,19,NULL,-73.9262,40.8552
1861,"06M463","HIGH SCHOOL FOR MEDIA & COMMUNICATIONS",2007,"4 Year August",149,91,5,65,21,34,19,NULL,-73.9266,40.8554
1883,"06M467","HIGH SCHOOL FOR LAW & PUBLIC SERVICE",2007,"4 Year August",174,129,8,111,10,7,22,NULL,-73.9264,40.8557
1905,"06M468","HIGH SCHOOL FOR HEALTH CAREERS & SCIENCES",2007,"4 Year August",175,104,14,62,28,33,24,NULL,-73.9259,40.8555
1927,"06M540","A PHILIP RANDOLPH CAMPUS HIGH SCHOOL",2007,"4 Year August",327,271,76,190,5,24,15,NULL,-73.9501,40.8184
1949,"06M552","GREGORIO LUPERON HIGH SCH FOR SCIENCE AND MATHEMAT",2007,"4 Year August",89,61,22,38,1,22,6,NULL,-73.9384,40.8383
1962,"07X221","SOUTH BRONX PREPARATORY - A COLLEGE BOARD SCHOOL",2007,"4 Year August",66,61,4,47,10,2,2,NULL,-73.9208,40.8133
1981,"07X321","CROTONA ACADEMY HIGH SCHOOL",2007,"4 Year August",49,5,0,4,1,28,15,NULL,-73.9118,40.8172
1994,"07X379","JILL CHAIFETZ TRANSFER HIGH SCHOOL",2007,"4 Year August",92,11,0,7,4,68,10,NULL,-73.905,40.8191
2003,"07X381","BRONX HAVEN HIGH SCHOOL",2007,"4 Year August",71,8,0,1,7,59,4,NULL,-73.92,40.8186
2022,"07X427","COMMUNITY SCHOOL FOR SOCIAL JUSTICE",2007,"4 Year August",76,58,0,56,2,9,6,NULL,-73.9303,40.8157
2044,"07X473","MOTT HAVEN VILLAGE PREP HIGH SCHOOL",2007,"4 Year August",85,49,0,31,18,19,14,NULL,-73.9114,40.8184
2066,"07X495","UNIVERSITY HEIGHTS",2007,"4 Year August",110,98,0,45,53,5,7,NULL,-73.911521,40.818105
2088,"07X500","HOSTOS-LINCOLN ACADEMY OF SCIENCE",2007,"4 Year August",87,79,28,32,19,7,1,NULL,-73.9279,40.8181
2110,"07X520","FOREIGN LANGUAGE ACADEMY OF GLOBAL STUDIES",2007,"4 Year August",109,63,4,40,19,20,16,NULL,-73.9096,40.8111
2129,"07X527","BRONX LEADERSHIP ACADEMY II HIGH SCHOOL",2007,"4 Year August",109,62,2,45,15,20,20,NULL,-73.9238,40.8218
2148,"07X547","NEW EXPLORERS HIGH SCHOOL",2007,"4 Year August",82,41,1,23,17,14,17,NULL,-73.9237,40.8221
2170,"07X548","URBAN ASSEMBLY SCHOOL FOR CAREERS IN SPORTS",2007,"4 Year August",82,71,2,59,10,6,5,NULL,-73.9236,40.8224
2186,"07X551","BRONX ACADEMY OF LETTERS",2007,"4 Year August",89,74,11,57,6,10,3,NULL,-73.9258,40.8139
2208,"07X600","ALFRED E SMITH CAREER AND TECHNICAL HIGH SCHOOL",2007,"4 Year August",264,144,12,70,62,79,29,NULL,-73.9199,40.8184
2230,"07X655","SAMUEL GOMPERS CAREER AND TECHNICAL EDUCATION HIGH",2007,"4 Year August",294,120,7,78,35,73,75,NULL,-73.9074,40.8106
2252,"07X670","HEALTH OPPORTUNITIES HIGH SCHOOL",2007,"4 Year August",154,115,14,90,11,9,25,NULL,-73.9302,40.8159
2258,"08X282","WOMEN'S ACADEMY OF EXCELLENCE",2007,"4 Year August",65,57,1,48,8,2,6,NULL,-73.856,40.8147
2274,"08X293","RENAISSANCE HIGH SCHOOL FOR MUSICAL THEATER AND TE",2007,"4 Year August",126,91,6,74,11,5,24,NULL,-73.8392,40.8405
2290,"08X295","GATEWAY SCHOOL FOR ENVIRONMENTAL RESEARCH AND TECH",2007,"4 Year August",123,65,2,44,19,29,18,NULL,-73.8559,40.8221
2306,"08X305","PABLO NERUDA ACADEMY FOR ARCHITECTURE AND WORLD ST",2007,"4 Year August",108,56,1,42,13,22,26,NULL,-73.8561,40.8219
2322,"08X312","MILLENIUM ART ACADEMY",2007,"4 Year August",115,82,4,60,18,19,13,NULL,-73.8555,40.822
2328,"08X332","HOLCOMBE L RUCKER SCHOOL OF COMMUNITY RESEARCH",2007,"4 Year August",104,58,2,44,12,24,18,NULL,-73.8978,40.8176
2341,"08X377","BRONX COMMUNITY HIGH SCHOOL",2007,"4 Year August",107,15,0,7,8,60,29,NULL,-73.8553,40.821
2363,"08X405","HERBERT H LEHMAN HIGH SCHOOL",2007,"4 Year August",982,500,95,297,108,220,220,NULL,-73.8389,40.8405
2398,"08X452","BRONX GUILD HIGH SCHOOL",2007,"4 Year August",85,60,0,33,27,7,14,NULL,-73.8554,40.8216
2411,"08X519","FELISA RINCON DE GAUTIER INSTITUTE FOR LAW AND PUB",2007,"4 Year August",81,51,0,29,22,18,11,NULL,-73.881,40.821
2433,"08X530","BANANA KELLY HIGH SCHOOL",2007,"4 Year August",99,55,1,35,19,20,18,NULL,-73.8981,40.8178
2449,"08X540","SCHOOL FOR COMMUNITY RESEARCH AND LEARNING",2007,"4 Year August",126,56,0,37,19,24,39,NULL,-73.8559,40.8209
2471,"08X560","HS 560 BRONX ACADEMY HIGH SCHOOL",2007,"4 Year August",176,35,0,20,15,80,47,NULL,-73.8806,40.821
2493,"08X650","JANE ADDAMS HIGH SCHOOL FOR ACADEMIC CAREERS",2007,"4 Year August",362,167,10,129,28,90,91,NULL,-73.9026,40.8218
2522,"09X227","BRONX EXPEDITIONARY LEARNING HIGH SCHOOL",2007,"4 Year August",91,43,0,38,5,18,24,NULL,-73.9114,40.84
2535,"09X231","EAGLE ACADEMY FOR YOUNG MEN",2007,"4 Year August",117,83,6,63,14,24,6,NULL,-73.8972,40.8452
2548,"09X239","URBAN ASSEMBLY ACAD-HISTORY AND CITIZENSHIP FOR YO",2007,"4 Year August",83,34,8,1,25,23,22,NULL,-73.911,40.8399
2550,"09X241","URBAN ASSEMBLY SCHOOL FOR APPLIED MATH AND SCIENCE",2007,"4 Year August",71,69,19,43,7,0,2,NULL,-73.9021,40.8391
2560,"09X250","EXIMIUS COLLEGE PREPARATORY ACADEMY",2007,"4 Year August",57,43,4,24,15,5,7,NULL,-73.9027,40.8337
2570,"09X252","MOTT HALL BRONX HIGH SCHOOL",2007,"4 Year August",101,85,8,71,6,9,4,NULL,-73.9019,40.8394
2580,"09X260","BRONX CENTER FOR SCIENCE AND MATHEMATICS",2007,"4 Year August",99,83,27,51,5,9,4,NULL,-73.9026,40.8339
2590,"09X263","VALIDUS PREPARATORY ACADEMY",2007,"4 Year August",102,67,1,46,20,20,8,NULL,-73.9017,40.8397
2600,"09X276","LEADERSHIP INSTITUTE",2007,"4 Year August",86,50,2,39,9,10,22,NULL,-73.8979,40.8418
2616,"09X297","MORRIS ACADEMY FOR COLLABORATIVE STUDIES",2007,"4 Year August",106,72,0,47,25,17,12,NULL,-73.9044,40.8272
2622,"09X329","DREAMYARD PREPARATORY SCHOOL",2007,"4 Year August",90,44,0,31,13,25,17,NULL,-73.9115,40.8398
2624,"09X365","ACADEMY FOR LANGUAGE AND TECHNOLOGY",2007,"4 Year August",90,73,3,45,25,12,5,NULL,-73.9156,40.8496
2646,"09X403","BRONX INTERNATIONAL HIGH SCHOOL",2007,"4 Year August",104,62,0,36,26,32,4,NULL,-73.9042,40.8272
2668,"09X404","SCHOOL FOR EXCELLENCE",2007,"4 Year August",125,80,0,55,25,13,26,NULL,-73.9039,40.8271
2687,"09X412","BRONX HIGH SCHOOL OF BUSINESS",2007,"4 Year August",122,62,3,50,9,36,13,NULL,-73.9111,40.8397
2706,"09X413","BRONX HIGH SCHOOL FOR MEDICAL SCIENCE",2007,"4 Year August",70,54,18,28,8,10,2,NULL,-73.9116,40.8396
2725,"09X414","JONATHAN LEVIN HS OF MEDIA AND COMMUNICATIONS",2007,"4 Year August",132,51,3,39,9,67,12,NULL,-73.9112,40.8395
2747,"09X505","BRONX SCHOOL FOR LAW GOVERNMENT AND JUSTICE",2007,"4 Year August",99,70,1,49,20,7,12,NULL,-73.919,40.8275
2760,"09X517","FREDERICK DOUGLAS ACADEMY III SECONDARY SCHOOL",2007,"4 Year August",89,72,3,39,30,10,5,NULL,-73.9039,40.834
2782,"09X525","BRONX LEADERSHIP ACADEMY HIGH SCHOOL",2007,"4 Year August",166,112,1,92,19,20,24,NULL,-73.903,40.8433
2801,"09X543","HIGH SCHOOL FOR VIOLIN AND DANCE",2007,"4 Year August",50,39,1,28,10,3,6,NULL,-73.9036,40.827
2823,"10X141","RIVERDALE/KINGSBRIDGE ACADEMY (MS/HS 141)",2007,"4 Year August",160,140,23,100,17,6,7,NULL,-73.9136,40.8879
2836,"10X213","BRONX ENGINEERING AND TECHNOLOGY ACADEMY",2007,"4 Year August",97,69,18,36,15,16,10,NULL,-73.9131,40.8779
2846,"10X225","THEATRE ARTS PRODUCTION COMPANY SCHOOL",2007,"4 Year August",85,73,28,31,14,8,3,NULL,-73.8971,40.8546
2859,"10X237","MARIE CURIE HIGH SCH-NURSING, MEDICINE & APPLIED H",2007,"4 Year August",79,50,0,40,10,19,8,NULL,-73.9017,40.8759
2872,"10X243","WEST BRONX ACADEMY FOR THE FUTURE",2007,"4 Year August",72,41,0,33,8,20,7,NULL,-73.8888,40.86
2882,"10X268","KINGSBRIDGE INTERNATIONAL HIGH SCHOOL",2007,"4 Year August",135,80,12,56,12,34,19,NULL,-73.8975,40.8705
2898,"10X284","BRONX SCHOOL OF LAW AND FINANCE",2007,"4 Year August",98,68,5,51,12,9,20,NULL,-73.9131,40.8782
2917,"10X319","PROVIDING URBAN LEARNERS SUCCESS IN EDUCATION HIGH",2007,"4 Year August",92,19,0,14,5,51,21,NULL,-73.8935,40.8483
2927,"10X342","INTERNATIONAL SCHOOL FOR LIBERAL ARTS",2007,"4 Year August",99,64,8,43,13,19,14,NULL,-73.8977,40.8704
2943,"10X368","IN TECH ACADEMY (MS/HS 368)",2007,"4 Year August",118,91,16,53,22,19,6,NULL,-73.9111,40.879
2945,"10X374","KNOWLEDGE AND POWER PREP ACADEMY INTERNATIONAL HIG",2007,"4 Year August",114,107,31,71,5,5,2,NULL,-73.8884,40.8597
2985,"10X433","HIGH SCHOOL FOR TEACHING AND THE PROFESSIONS",2007,"4 Year August",120,85,6,66,13,15,19,NULL,-73.8974,40.8708
3004,"10X434","BELMONT PREP HIGH SCHOOL",2007,"4 Year August",74,53,0,46,7,9,9,NULL,-73.888,40.8595
3029,"10X437","FORDHAM HIGH SCHOOL FOR THE ARTS",2007,"4 Year August",69,59,11,34,14,8,2,NULL,-73.8892,40.8596
3048,"10X438","FORDHAM LEADERSHIP ACADEMY FOR BUSINESS & TECHNOLO",2007,"4 Year August",129,64,2,42,20,26,29,NULL,-73.8888,40.8594
3067,"10X439","BRONX HIGH SCHOOL-LAW AND COMMUNITY SERVICES",2007,"4 Year August",95,51,2,32,17,23,20,NULL,-73.8883,40.8591
3089,"10X440","DEWITT CLINTON HIGH SCHOOL",2007,"4 Year August",1042,597,108,345,144,217,176,NULL,-73.8871,40.8814
3105,"10X442","THE CELIA CRUZ BRONX HIGH SCHOOL OF MUSIC",2007,"4 Year August",85,67,2,44,21,11,6,NULL,-73.8972,40.8705
3127,"10X445","BRONX HIGH SCHOOL OF SCIENCE",2007,"4 Year August",728,728,719,9,0,0,0,NULL,-73.8913,40.8781
3149,"10X475","JOHN F KENNEDY HIGH SCHOOL",2007,"4 Year August",379,157,5,92,60,77,108,NULL,-73.9128,40.878
3168,"10X477","MARBLE HILL HIGH SCHOOL OF INTERNATIONAL STUDIES",2007,"4 Year August",94,77,19,54,4,13,2,NULL,-73.9133,40.878
3184,"10X546","BRONX THEATRE HIGH SCHOOL",2007,"4 Year August",105,62,1,51,10,20,21,NULL,-73.913,40.8779
3200,"10X549","DISCOVERY HIGH SCHOOL",2007,"4 Year August",120,75,18,49,8,20,20,NULL,-73.8969,40.8704
3222,"10X660","GRACE H DODGE CAREER AND TECHNICAL HIGH SCHOOL",2007,"4 Year August",352,124,0,87,37,124,91,NULL,-73.8825,40.8556
3241,"10X696","HIGH SCHOOL OF AMERICAN STUDIES AT LEHMAN COLLEGE",2007,"4 Year August",84,84,81,3,0,0,0,NULL,-73.8951,40.8748
3254,"11X249","BRONX HEALTH SCIENCES HIGH SCHOOL",2007,"4 Year August",58,55,24,29,2,1,1,NULL,-73.8328,40.8741
3267,"11X253","BRONX HIGH SCHOOL FOR WRITING AND COMMUNICATION AR",2007,"4 Year August",116,72,2,56,14,22,16,NULL,-73.8615,40.8754
3280,"11X265","BRONX LAB SCHOOL",2007,"4 Year August",90,64,1,43,20,16,7,NULL,-73.8616,40.8752
3290,"11X270","ACADEMY FOR SCHOLARSHIP AND ENTRENEURSHIP",2007,"4 Year August",85,48,1,35,12,14,17,NULL,-73.8524,40.888
3303,"11X275","HIGH SCHOOL OF COMPUTERS AND TECHNOLOGY",2007,"4 Year August",129,99,19,68,12,7,19,NULL,-73.8617,40.8749
3319,"11X288","COLLEGIATE INSTITUTE FOR MATH AND SCIENCE",2007,"4 Year August",103,83,28,51,4,2,14,NULL,-73.8603,40.86
3335,"11X290","BRONX ACADEMY OF HEALTH CAREERS",2007,"4 Year August",115,83,6,65,12,14,15,NULL,-73.861,40.8753
3351,"11X299","ASTOR COLLEGIATE ACADEMY",2007,"4 Year August",117,76,0,47,29,31,6,NULL,-73.8603,40.86
3373,"11X415","CHRISTOPHER COLUMBUS HIGH SCHOOL",2007,"4 Year August",397,173,1,117,55,130,75,NULL,-73.8603,40.86
3392,"11X418","BRONX HIGH SCHOOL FOR THE VISUAL ARTS",2007,"4 Year August",59,38,3,30,5,13,3,NULL,-73.8644,40.8516
3426,"11X455","HARRY S TRUMAN HIGH SCHOOL",2007,"4 Year August",618,381,11,335,35,86,109,NULL,-73.8321,40.8741
3439,"11X513","NEW WORLD HIGH SCHOOL",2007,"4 Year August",56,30,4,22,4,18,6,NULL,-73.8529,40.8881
3452,"11X514","THE BRONX PREPARATORY ACADEMY",2007,"4 Year August",68,32,0,11,21,16,18,NULL,-73.8526,40.888
3468,"11X541","GLOBAL ENTERPRISE HIGH SCHOOL",2007,"4 Year August",103,59,6,35,18,19,14,NULL,-73.8603,40.86
3487,"11X542","PELHAM PREPARATORY ACADEMY",2007,"4 Year August",106,99,12,80,7,4,2,NULL,-73.8603,40.86
3503,"11X544","HIGH SCHOOL OF CONTEMPORARY ARTS",2007,"4 Year August",107,79,2,60,17,17,11,NULL,-73.8611,40.875
3522,"11X545","BRONX AEROSPACE HIGH SCHOOL",2007,"4 Year August",81,66,1,49,16,5,9,NULL,-73.8613,40.8748
3532,"12X245","NEW DAY ACADEMY",2007,"4 Year August",62,32,0,32,0,8,20,NULL,-73.9002,40.8272
3542,"12X248","METROPOLITAN HIGH SCHOOL (THE)",2007,"4 Year August",81,56,0,47,9,10,10,NULL,-73.8974,40.8272
3552,"12X251","EXPLORATIONS ACADEMY",2007,"4 Year August",108,74,8,52,14,18,15,NULL,-73.8903,40.8362
3565,"12X262","PERFORMANCE CONSERVATORY HIGH SCHOOL",2007,"4 Year August",95,28,0,13,15,47,16,NULL,-73.8907,40.8361
3567,"12X267","BRONX LATIN SCHOOL",2007,"4 Year August",40,31,8,23,0,2,7,NULL,-73.9004,40.8273
3580,"12X271","EAST BRONX ACADEMY FOR THE FUTURE",2007,"4 Year August",90,66,0,56,10,14,8,NULL,-73.8877,40.8368
3593,"12X278","PEACE AND DIVERSITY ACADEMY",2007,"4 Year August",70,37,4,28,5,21,8,NULL,-73.8972,40.8275
3597,"12X446","ARTURO SCHOMBURG SATELLITE ACADEMY-BRONX",2007,"4 Year August",136,19,0,13,6,79,32,NULL,-73.8986,40.8233
3619,"12X480","BRONX REGIONAL HIGH SCHOOL",2007,"4 Year August",158,33,2,18,13,77,42,NULL,-73.8986,40.8236
3641,"12X550","HIGH SCHOOL OF WORLD CULTURES",2007,"4 Year August",97,64,4,41,19,26,7,NULL,-73.8786,40.8318
3663,"12X680","BRONX COALITION COMMUNITY HIGH SCHOOL",2007,"4 Year August",59,35,0,28,7,1,19,NULL,-73.8781,40.832
3685,"12X682","FANNIE LOU HAMER FREEDOM SCHOOL",2007,"4 Year August",133,80,0,71,9,21,22,NULL,-73.8859,40.8309
3707,"12X684","WINGS ACADEMY",2007,"4 Year August",139,81,2,69,10,40,16,NULL,-73.8752,40.8415
3729,"12X690","MONROE ACADEMY FOR BUSINESS/LAW",2007,"4 Year August",117,50,1,30,19,20,42,NULL,-73.8782,40.8321
3751,"12X692","MONROE ACADEMY FOR VISUAL ARTS & DESIGN",2007,"4 Year August",107,51,5,35,11,37,18,NULL,-73.8785,40.8317
3773,"13K265","DR SUSAN S MCKINNEY SECONDARY SCHOOL OF THE ARTS",2007,"4 Year August",72,58,8,44,6,5,9,NULL,-73.976,40.6968
3783,"13K350","THE URBAN ASSEMBLY SCHOOL OF MUSIC AND ART AT WATE",2007,"4 Year August",87,51,0,34,17,29,4,NULL,-73.9848,40.6974
3789,"13K412","BROOKLYN COMMUNITY HIGH SCH-COMMUNICATION, ARTS &",2007,"4 Year August",104,69,2,48,19,26,5,NULL,-73.9584,40.6916
3811,"13K419","SCIENCE SKILLS CENTER HIGH SCHOOL AT WATERS EDGE",2007,"4 Year August",234,186,36,137,13,29,13,NULL,-73.9845,40.6974
3833,"13K430","BROOKLYN TECHNICAL HIGH SCHOOL",2007,"4 Year August",1126,1100,983,117,0,26,0,NULL,-73.9766,40.6888
3855,"13K439","BROOKLYN INTERNATIONAL HIGH SCHOOL AT WATERS EDGE",2007,"4 Year August",94,82,0,82,0,5,7,NULL,-73.9848,40.6973
3868,"13K483","URBAN ASSEMBLY SCHOOL FOR LAW AND JUSTICE",2007,"4 Year August",88,76,0,63,13,8,4,NULL,-73.9884,40.6945
3890,"13K499","ACORN COMMUNITY HIGH SCHOOL",2007,"4 Year August",174,116,6,102,8,30,22,NULL,-73.9618,40.6786
3909,"13K509","FREEDOM ACADEMY HIGH SCHOOL",2007,"4 Year August",57,32,1,27,4,16,7,NULL,-73.9867,40.6983
3931,"13K553","BROOKLYN ACADEMY HIGH SCHOOL",2007,"4 Year August",87,15,0,5,10,59,12,NULL,-73.9474,40.6847
3953,"13K575","BEDFORD STUYVESANT PREP HIGH SCHOOL",2007,"4 Year August",68,11,0,5,6,44,13,NULL,-73.9478,40.6847
3969,"13K595","BEDFORD ACADEMY HIGH SCHOOL",2007,"4 Year August",90,87,34,50,3,3,0,NULL,-73.954,40.6855
3991,"13K605","GEORGE WESTINGHOUSE CAREER & TECHNICAL ED HIGH SCH",2007,"4 Year August",146,93,3,61,29,38,12,NULL,-73.9856,40.6952
4003,"13K616","BROOKLYN HIGH SCHOOL FOR LEADERSHIP AND COMMUNITY",2007,"4 Year August",86,7,0,0,7,57,20,NULL,-73.9586,40.6924
4025,"13K670","BENJAMIN BANNEKER ACADEMY",2007,"4 Year August",162,150,78,67,5,11,0,NULL,-73.969,40.6954
4038,"14K071","JUAN MOREL CAMPOS SECONDARY SCHOOL",2007,"4 Year August",99,47,0,37,10,39,9,NULL,-73.9538,40.7037
4048,"14K322","FOUNDATIONS ACADEMY",2007,"4 Year August",73,36,1,31,4,19,17,NULL,-73.9469,40.6969
4054,"14K404","ACADEMY FOR YOUNG WRITERS",2007,"4 Year August",77,65,0,50,15,10,1,NULL,-73.9603,40.7119
4060,"14K449","BROOKLYN LATIN SCHOOL (THE)",2007,"4 Year August",35,32,28,4,0,3,0,NULL,-73.9388,40.7049
4066,"14K454","GREEN SCHOOL: AN ACADEMY FOR ENVIRONMENTAL CAREERS",2007,"4 Year August",86,51,0,39,12,16,15,NULL,-73.9441,40.7098
4088,"14K474","PROGRESS HIGH SCHOOL FOR PROFESSIONAL CAREERS",2007,"4 Year August",215,134,9,82,43,41,37,NULL,-73.9397,40.7118
4110,"14K477","SCHOOL FOR LEGAL STUDIES",2007,"4 Year August",173,116,2,77,37,22,33,NULL,-73.9392,40.712
4132,"14K478","HIGH SCHOOL OF ENTERPRISE, BUSINESS & TECHNOLOGY",2007,"4 Year August",214,182,15,146,21,26,4,NULL,-73.9386,40.7121
4145,"14K488","BROOKLYN PREPARATORY HIGH SCHOOL",2007,"4 Year August",81,64,1,56,7,11,5,NULL,-73.9553,40.7157
4158,"14K558","WILLIAMSBURG HIGH SCHOOL FOR ARCHITECTURE AND DESI",2007,"4 Year August",102,90,7,76,7,5,7,NULL,-73.955,40.7155
4171,"14K561","WILLIAMSBURG PREPARATORY SCHOOL",2007,"4 Year August",111,101,13,81,7,6,2,NULL,-73.9546,40.7152
4173,"14K586","LYONS COMMUNITY SCHOOL",2007,"4 Year August",91,56,0,36,20,21,12,NULL,-73.9445,40.7098
4195,"14K610","AUTOMOTIVE HIGH SCHOOL",2007,"4 Year August",241,126,1,71,54,42,52,NULL,-73.9533,40.7223
4226,"14K685","EL PUENTE ACADEMY FOR PEACE AND JUSTICE",2007,"4 Year August",45,31,0,30,1,8,3,NULL,-73.9559,40.7054
4248,"15K429","BROOKLYN SCHOOL FOR GLOBAL STUDIES",2007,"4 Year August",76,46,0,44,2,20,8,NULL,-73.9936,40.6853
4258,"15K448","BROOKLYN SECONDARY SCHOOL FOR COLLABORATIVE STUDIE",2007,"4 Year August",77,70,0,67,3,3,4,NULL,-74.0018,40.6797
4283,"15K462","SECONDARY SCHOOL FOR LAW",2007,"4 Year August",103,78,5,61,12,13,8,NULL,-73.9789,40.6696
4302,"15K463","SECONDARY SCHOOL FOR JOURNALISM",2007,"4 Year August",101,62,6,41,15,24,12,NULL,-73.9791,40.6694
4324,"15K464","SECONDARY SCHOOL FOR RESEARCH",2007,"4 Year August",84,51,5,33,13,26,6,NULL,-73.9786,40.6694
4346,"15K497","SCHOOL FOR INTERNATIONAL STUDIES",2007,"4 Year August",87,55,8,39,8,22,8,NULL,-73.9932,40.6851
4368,"15K519","COBBLE HILL SCHOOL OF AMERICAN STUDIES",2007,"4 Year August",144,83,0,56,27,19,31,NULL,-73.991,40.6847
4390,"15K520","PACIFIC HIGH SCHOOL",2007,"4 Year August",95,21,0,8,13,61,13,NULL,-73.9892,40.6899
4409,"15K529","WEST BROOKLYN COMMUNITY HIGH SCHOOL",2007,"4 Year August",101,14,0,7,7,66,21,NULL,-73.9926,40.6428
4431,"15K530","METROPOLITAN CORPORATE ACADEMY HIGH SCHOOL",2007,"4 Year August",119,70,0,52,18,28,18,NULL,-73.9803,40.6866
4453,"15K656","BROOKLYN HIGH SCHOOL OF THE ARTS",2007,"4 Year August",96,85,3,74,8,9,2,NULL,-73.9803,40.684
4475,"15K698","SOUTH BROOKLYN COMMUNITY HIGH SCHOOL",2007,"4 Year August",81,14,0,6,8,48,14,NULL,-74.0142,40.6778
4485,"16K393","FREDERICK DOUGLASS ACADEMY IV SECONDARY SCHOOL",2007,"4 Year August",63,43,2,27,14,16,3,NULL,-73.9317,40.6918
4507,"16K455","BOYS AND GIRLS HIGH SCHOOL",2007,"4 Year August",576,263,7,204,52,141,114,NULL,-73.9316,40.6789
4529,"16K498","ACORN HIGH SCHOOL FOR SOCIAL JUSTICE",2007,"4 Year August",117,92,1,74,17,1,9,NULL,-73.9208,40.6885
4531,"16K594","GOTHAM PROFESSIONAL ARTS ACADEMY",2007,"4 Year August",59,33,0,33,0,21,5,NULL,-73.9218,40.68
4537,"17K382","ACAD FOR COLLEGE PREP & CAREER EXPLORATION: A COLL",2007,"4 Year August",81,50,6,34,10,13,16,NULL,-73.9581,40.6493
4543,"17K408","ACADEMY OF HOSPITALITY AND TOURISM",2007,"4 Year August",75,55,0,49,6,11,7,NULL,-73.9582,40.6495
4601,"17K489","W E B DUBOIS ACADEMIC HIGH SCHOOL",2007,"4 Year August",171,27,0,18,9,85,48,NULL,-73.9551,40.6695
4614,"17K524","INTERNATIONAL HIGH SCHOOL AT PROSPECT HEIGHTS",2007,"4 Year August",111,69,0,47,22,29,12,NULL,-73.9614,40.6701
4627,"17K528","HIGH SCHOOL FOR GLOBAL CITIZENSHIP (THE)",2007,"4 Year August",118,60,3,40,17,31,19,NULL,-73.961,40.6701
4640,"17K531","SCHOOL FOR HUMAN RIGHTS (THE)",2007,"4 Year August",75,59,14,27,18,5,11,NULL,-73.9432,40.6595
4653,"17K533","SCHOOL FOR DEMOCRACY AND LEADERSHIP",2007,"4 Year August",84,53,0,40,13,22,8,NULL,-73.9431,40.6592
4666,"17K537","HIGH SCHOOL FOR YOUTH AND COMMUNITY DEVELOPMENT",2007,"4 Year August",121,71,0,47,24,20,26,NULL,-73.9582,40.6497
4679,"17K539","HIGH SCHOOL FOR SERVICE AND LEARNING AT ERASMUS",2007,"4 Year August",114,87,18,59,10,14,12,NULL,-73.9582,40.6499
4695,"17K543","SCIENCE, TECH & RESEARCH HIGH SCHOOL AT ERASMUS",2007,"4 Year August",70,66,4,62,0,3,1,NULL,-73.9579,40.6493
4711,"17K544","INTERNATIONAL ARTS BUSINESS SCHOOL",2007,"4 Year August",100,61,0,42,19,29,7,NULL,-73.9431,40.6588
4727,"17K546","HS FOR PUBLIC SERVICE-HEROES OF TOMORROW",2007,"4 Year August",102,97,13,64,20,4,1,NULL,-73.9431,40.6584
4743,"17K547","BROOKLYN ACADEMY OF SCIENCE AND THE ENVIRONMENT",2007,"4 Year August",129,90,11,63,16,25,12,NULL,-73.9614,40.6698
4759,"17K548","BROOKLYN SCHOOL FOR MUSIC & THEATER",2007,"4 Year August",88,62,6,40,16,20,4,NULL,-73.9611,40.6698
4781,"17K568","BROWNSVILLE ACADEMY HIGH SCHOOL",2007,"4 Year August",89,24,0,16,8,47,17,NULL,-73.9239,40.6663
4803,"17K590","MEDGAR EVERS COLLEGE PREPERATORY SCHOOL",2007,"4 Year August",160,156,52,97,7,4,0,NULL,-73.9513,40.667
4825,"17K600","CLARA BARTON HIGH SCHOOL",2007,"4 Year August",454,299,17,225,57,81,55,NULL,-73.9604,40.67
4847,"17K625","PAUL ROBESON HIGH SCHOOL",2007,"4 Year August",268,139,9,84,46,61,55,NULL,-73.9391,40.6758
4889,"18K500","CANARSIE HIGH SCHOOL",2007,"4 Year August",248,95,5,48,42,74,57,NULL,-73.8985,40.6405
4911,"18K563","IT TAKES A VILLAGE ACADEMY",2007,"4 Year August",107,97,36,53,8,4,5,NULL,-73.9228,40.6482
4913,"18K566","BROOKLYN GENERATION SCHOOL",2007,"4 Year August",78,43,0,34,9,19,10,NULL,-73.9174,40.6334
4915,"18K567","BROOKLYN THEATRE ARTS HIGH SCHOOL",2007,"4 Year August",62,45,1,44,0,4,11,NULL,-73.9178,40.6332
4917,"18K569","KURT HAHN EXPEDITIONARY LEARNING SCHOOL",2007,"4 Year August",89,59,3,45,11,18,11,NULL,-73.9223,40.6482
4919,"18K576","VICTORY COLLEGIATE HIGH SCHOOL",2007,"4 Year August",81,64,5,49,10,13,3,NULL,-73.917,40.6337
4932,"18K578","BROOKLYN BRIDGE ACADEMY",2007,"4 Year August",98,16,0,8,8,64,14,NULL,-73.9166,40.6339
4934,"18K589","ARTS AND MEDIA PREPARATORY ACADEMY",2007,"4 Year August",55,43,0,34,9,8,3,NULL,-73.9287,40.6587
4944,"18K635","OLYMPUS ACADEMY",2007,"4 Year August",65,11,0,8,3,42,11,NULL,-73.8985,40.6459
4952,"18K673","EAST BROOKLYN COMMUNITY HIGH SCHOOL",2007,"4 Year August",88,10,0,6,4,62,12,NULL,-73.8916,40.6473
4974,"19K409","EAST NEW YORK FAMILY ACADEMY",2007,"4 Year August",67,58,6,46,6,6,3,NULL,-73.8867,40.6613
4996,"19K420","FRANKLIN K LANE HIGH SCHOOL",2007,"4 Year August",332,163,5,116,42,82,81,NULL,-73.8688,40.6934
5018,"19K502","FDNY HIGH SCHOOL FOR FIRE AND LIFE SAFETY",2007,"4 Year August",101,65,2,41,22,6,26,NULL,-73.895,40.667
5031,"19K504","HIGH SCHOOL FOR CIVIL RIGHTS",2007,"4 Year August",121,88,3,57,28,18,15,NULL,-73.8949,40.6667
5044,"19K507","PERFORMING ARTS AND TECHNOLOGY HIGH SCHOOL",2007,"4 Year August",105,66,1,44,21,14,22,NULL,-73.8953,40.667
5057,"19K510","WORLD ACADEMY FOR TOTAL COMMUNITY HEALTH",2007,"4 Year August",97,65,0,39,26,21,8,NULL,-73.8952,40.6667
5059,"19K583","MULTICULTURAL HIGH SCHOOL",2007,"4 Year August",106,55,0,35,20,37,14,NULL,-73.8686,40.6928
5081,"19K615","TRANSIT TECH CAREER AND TECHNICAL EDUCATION",2007,"4 Year August",360,307,9,248,50,34,14,NULL,-73.8759,40.6786
5087,"19K659","CYPRESS HILLS COLLEGIATE PREPARATORY SCHOOL",2007,"4 Year August",113,60,4,34,22,34,16,NULL,-73.8692,40.6932
5109,"19K660","W H MAXWELL CAREER AND TECHNICAL EDUCATION HIGH SC",2007,"4 Year August",239,145,7,95,43,43,43,NULL,-73.896,40.6739
5131,"20K445","NEW UTRECHT HIGH SCHOOL",2007,"4 Year August",645,461,129,243,89,124,39,NULL,-74.003,40.6133
5153,"20K485","HIGH SCHOOL OF TELECOMMUNICATIONS ARTS AND TECHNOL",2007,"4 Year August",331,264,106,141,17,37,28,NULL,-74.0233,40.6368
5175,"20K490","FORT HAMILTON HIGH SCHOOL",2007,"4 Year August",1144,804,237,477,90,163,157,NULL,-74.0394,40.6272
5197,"20K505","FRANKLIN D ROOSEVELT HIGH SCHOOL",2007,"4 Year August",822,487,112,309,66,121,178,NULL,-73.9818,40.6209
5207,"21K337","INTERNATIONAL HIGH SCHOOL AT LAFAYETTE",2007,"4 Year August",62,30,0,15,15,26,5,NULL,-73.9864,40.5936
5217,"21K344","RACHEL CARSON HIGH SCHOOL FOR COASTAL STUDIES",2007,"4 Year August",117,79,8,68,3,19,19,NULL,-73.9719,40.5823
5227,"21K348","HIGH SCHOOL OF SPORTS MANAGEMENT",2007,"4 Year August",59,39,4,33,2,4,15,NULL,-73.9859,40.594
5269,"21K410","ABRAHAM LINCOLN HIGH SCHOOL",2007,"4 Year August",716,456,76,301,79,108,137,NULL,-73.9681,40.5819
5291,"21K525","EDWARD R MURROW HIGH SCHOOL",2007,"4 Year August",987,752,291,418,43,136,74,NULL,-73.9592,40.6202
5313,"21K540","JOHN DEWEY HIGH SCHOOL",2007,"4 Year August",733,484,101,328,55,144,87,NULL,-73.9818,40.5879
5315,"21K559","LIFE ACADEMY HIGH SCHOOL FOR FILM AND MUSIC",2007,"4 Year August",37,29,1,23,5,3,4,NULL,-73.9862,40.5937
5317,"21K572","EXPEDITIONARY LEARNING SCHOOL FOR COMMUNITY LEADER",2007,"4 Year August",35,14,0,12,2,11,9,NULL,-73.986,40.5936
5339,"21K620","WILLIAM E GRADY CAREER AND TECHNICAL EDUCATION HIG",2007,"4 Year August",282,142,5,116,21,71,59,NULL,-73.9634,40.5829
5361,"21K690","BROOKLYN STUDIO SECONDARY SCHOOL",2007,"4 Year August",177,128,29,82,17,28,18,NULL,-73.9947,40.605
5374,"21K728","LIBERATION DIPLOMA PLUS",2007,"4 Year August",97,28,0,19,9,46,20,NULL,-73.9857,40.5771
5396,"22K405","MIDWOOD HIGH SCHOOL",2007,"4 Year August",932,810,489,281,40,85,32,NULL,-73.9523,40.6328
5418,"22K425","JAMES MADISON HIGH SCHOOL",2007,"4 Year August",726,535,167,314,54,89,86,NULL,-73.9481,40.6099
5440,"22K495","SHEEPSHEAD BAY HIGH SCHOOL",2007,"4 Year August",619,387,35,272,80,84,129,NULL,-73.9369,40.5936
5462,"22K535","LEON M GOLDSTEIN HIGH SCHOOL FOR THE SCIENCES",2007,"4 Year August",262,251,176,70,5,5,5,NULL,-73.9351,40.5803
5484,"22K555","BROOKLYN COLLEGE ACADEMY",2007,"4 Year August",150,148,38,96,14,2,0,NULL,-73.9532,40.6305
5503,"23K493","BROOKLYN COLLEGIATE-A COLLEGE BOARD SCHOOL",2007,"4 Year August",105,68,13,46,9,21,7,NULL,-73.9135,40.6744
5516,"23K514","FREDERICK DOUGLAS ACADEMY VII HIGH SCHOOL",2007,"4 Year August",92,70,9,46,15,12,8,NULL,-73.9122,40.6656
5526,"23K643","BROOKLYN DEMOCRACY ACADEMY",2007,"4 Year August",89,15,0,7,8,56,16,NULL,-73.9069,40.6558
5548,"23K645","EBC/ENY HIGH SCHOOL FOR PUBLIC SAFETY",2007,"4 Year August",73,46,0,33,13,17,8,NULL,-73.9042,40.6779
5558,"23K646","ASPIRATIONS DIPLOMA PLUS HIGH SCHOOL",2007,"4 Year August",103,9,0,6,3,52,39,NULL,-73.904,40.6774
5568,"23K647","METROPOLITAN DIPLOMA PLUS HIGH SCHOOL",2007,"4 Year August",91,34,0,21,13,35,18,NULL,-73.9065,40.6559
5587,"23K697","TEACHERS PREPERATORY HIGH SCHOOL",2007,"4 Year August",91,67,16,47,4,15,3,NULL,-73.9119,40.6656
5597,"24Q264","ACADEMY OF FINANCE AND ENTERPRISE",2007,"4 Year August",117,106,59,43,4,9,2,NULL,-73.937,40.7443
5607,"24Q267","HIGH SCHOOL OF APPLIED COMMUNICATIONS",2007,"4 Year August",95,67,6,50,11,23,4,NULL,-73.9369,40.7446
5609,"24Q296","PAN AMERICAN INTERNATIONAL HIGH SCHOOL",2007,"4 Year August",80,38,1,23,14,29,13,NULL,-73.8711,40.7432
5615,"24Q299","BARD HIGH SCHOOL EARLY COLLEGE II",2007,"4 Year August",55,53,1,52,0,2,0,NULL,-73.9369,40.7449
5637,"24Q455","NEWTOWN HIGH SCHOOL",2007,"4 Year August",805,499,72,315,112,157,120,NULL,-73.8743,40.7409
5659,"24Q485","GROVER CLEVELAND HIGH SCHOOL",2007,"4 Year August",785,450,62,289,99,153,144,NULL,-73.909,40.7115
5681,"24Q520","MIDDLE COLLEGE HIGH SCHOOL AT LAGUARDIA",2007,"4 Year August",101,79,0,78,1,13,9,NULL,-73.9333,40.7433
5703,"24Q530","INTERNATIONAL HIGH SCHOOL AT LAGUARDIA",2007,"4 Year August",116,93,0,93,0,14,9,NULL,-73.935,40.7445
5725,"24Q550","HIGH SCHOOL FOR ARTS AND BUSINESS",2007,"4 Year August",189,151,28,112,11,21,17,NULL,-73.8534,40.7376
5747,"24Q560","ROBERT F WAGNER JR SECONDARY SCHOOL-ARTS AND TECHN",2007,"4 Year August",115,85,4,47,34,24,3,NULL,-73.9363,40.7427
5769,"24Q600","QUEENS VOCATIONAL AND TECHNICAL HIGH SCHOOL",2007,"4 Year August",270,206,17,161,28,35,24,NULL,-73.928,40.7419
5791,"24Q610","AVIATION CAREER AND TECHNICAL HIGH SCHOOL",2007,"4 Year August",423,371,153,200,18,45,3,NULL,-73.9294,40.7435
5803,"24Q744","VOYAGES PREPARATORY",2007,"4 Year August",98,17,0,10,7,65,13,NULL,-73.8714,40.7431
5816,"25Q263","FLUSHING INTERNATIONAL HIGH SCHOOL",2007,"4 Year August",93,54,0,46,8,31,8,NULL,-73.8185,40.7602
5822,"25Q281","EAST-WEST SCHOOL OF INTERNATIONAL STUDIES",2007,"4 Year August",83,70,12,56,2,12,1,NULL,-73.8215,40.7495
5828,"25Q285","WORLD JOURNALISM PREPARATORY",2007,"4 Year August",72,65,13,44,8,4,3,NULL,-73.7898,40.7647
5850,"25Q425","JOHN BOWNE HIGH SCHOOL",2007,"4 Year August",714,474,77,302,95,116,107,NULL,-73.8243,40.7386
5872,"25Q460","FLUSHING HIGH SCHOOL",2007,"4 Year August",713,428,80,294,54,145,115,NULL,-73.8267,40.7652
5894,"25Q525","TOWNSEND HARRIS HIGH SCHOOL",2007,"4 Year August",273,273,272,1,0,0,0,NULL,-73.8214,40.7347
5916,"25Q540","QUEENS ACADEMY HIGH SCHOOL",2007,"4 Year August",187,43,1,24,18,121,23,NULL,-73.8283,40.7656
5938,"25Q670","ROBERT F KENNEDY COMMUNITY HIGH SCHOOL",2007,"4 Year August",190,141,28,103,10,36,12,NULL,-73.8111,40.7253
5951,"25Q792","NORTH QUEENS COMMUNITY HIGH SCHOOL",2007,"4 Year August",66,12,0,9,3,45,6,NULL,-73.8195,40.7207
5973,"26Q415","BENJAMIN N CARDOZO HIGH SCHOOL",2007,"4 Year August",942,810,369,384,57,74,43,NULL,-73.7561,40.7518
5995,"26Q430","FRANCIS LEWIS HIGH SCHOOL",2007,"4 Year August",1167,1022,567,327,128,80,60,NULL,-73.7935,40.7408
6017,"26Q435","MARTIN VAN BUREN HIGH SCHOOL",2007,"4 Year August",769,494,30,330,134,178,72,NULL,-73.739,40.7335
6039,"26Q495","BAYSIDE HIGH SCHOOL",2007,"4 Year August",972,838,448,334,56,71,55,NULL,-73.7808,40.7715
6058,"26Q566","QUEENS HIGH SCHOOL OF TEACHING, LIBERAL ARTS AND S",2007,"4 Year August",287,252,26,152,74,29,6,NULL,-73.729,40.7444
6071,"27Q260","FREDERICK DOUGLAS ACADEMY VI HIGH SCHOOL",2007,"4 Year August",105,73,2,59,12,24,7,NULL,-73.7632,40.6014
6084,"27Q262","CHANNEL VIEW SCHOOL FOR RESEARCH",2007,"4 Year August",101,91,24,54,13,10,0,NULL,-73.8234,40.5865
6086,"27Q323","SCHOLARS' ACADEMY",2007,"4 Year August",100,100,99,1,0,0,0,NULL,-73.8252,40.5843
6108,"27Q400","AUGUST MARTIN HIGH SCHOOL",2007,"4 Year August",280,185,3,131,51,38,48,NULL,-73.7831,40.675
6130,"27Q410","BEACH CHANNEL HIGH SCHOOL",2007,"4 Year August",374,164,10,108,46,117,72,NULL,-73.8229,40.5865
6152,"27Q465","FAR ROCKAWAY HIGH SCHOOL",2007,"4 Year August",91,50,3,31,16,10,25,NULL,-73.7628,40.6014
6174,"27Q475","RICHMOND HILL HIGH SCHOOL",2007,"4 Year August",841,495,45,369,81,158,159,NULL,-73.8335,40.695
6196,"27Q480","JOHN ADAMS HIGH SCHOOL",2007,"4 Year August",984,626,52,418,156,189,146,NULL,-73.8365,40.679
6202,"27Q650","HIGH SCH-CONSTRUCTION, TRADES, ENGINEERING & ARCHI",2007,"4 Year August",195,191,49,134,8,3,1,NULL,-73.8409,40.6894
6206,"28Q338","QUEENS SATELLITE HIGH SCHOOL",2007,"4 Year August",104,6,0,3,3,64,28,NULL,-73.7996,40.7083
6228,"28Q440","FOREST HILLS HIGH SCHOOL",2007,"4 Year August",1027,873,337,451,85,79,63,NULL,-73.8449,40.7297
6250,"28Q470","JAMAICA HIGH SCHOOL",2007,"4 Year August",374,196,25,128,43,82,87,NULL,-73.7977,40.7143
6272,"28Q505","HILLCREST HIGH SCHOOL",2007,"4 Year August",908,687,76,462,149,104,106,NULL,-73.8024,40.7095
6294,"28Q620","THOMAS A EDISON CAREER AND TECHNICAL HIGH SCHOOL",2007,"4 Year August",622,544,199,323,22,34,26,NULL,-73.7988,40.7162
6316,"28Q680","QUEENS GATEWAY TO HEALTH SCIENCES SECONDARY SCHOOL",2007,"4 Year August",98,97,73,23,1,1,0,NULL,-73.8063,40.7187
6335,"28Q687","QUEENS HIGH SCHOOL FOR THE SCIENCES AT YORK COLLEG",2007,"4 Year August",87,87,84,3,0,0,0,NULL,-73.7983,40.7009
6351,"28Q690","HS FOR LAW ENFORCEMENT AND PUBLIC SAFETY",2007,"4 Year August",129,102,4,68,30,18,9,NULL,-73.7835,40.6861
6353,"28Q896","YOUNG WOMEN'S LEADERSHIP SCHOOL OF QUEENS",2007,"4 Year August",57,54,12,34,8,2,1,NULL,-73.8042,40.7084
6363,"29Q248","QUEENS PREPARATORY ACADEMY",2007,"4 Year August",94,64,18,34,12,25,4,NULL,-73.7576,40.6679
6373,"29Q259","PATHWAYS COLLEGE PREPARATORY SCHOOL",2007,"4 Year August",60,49,3,32,14,6,5,NULL,-73.7528,40.7055
6386,"29Q265","EXCELSIOR PREPARATORTY HIGH SCHOOL",2007,"4 Year August",114,78,9,56,13,18,17,NULL,-73.7583,40.668
6408,"29Q272","GEORGE WASHINGTON CARVER HIGH SCHOOL FOR THE SCIEN",2007,"4 Year August",111,91,13,72,6,11,9,NULL,-73.7582,40.6685
6414,"29Q283","PREPARATORY ACADEMY FOR WRITERS",2007,"4 Year August",55,39,0,26,13,9,7,NULL,-73.7575,40.6684
6445,"29Q492","MATH/SCIENCE RESEARCH AND TECHNOLOGY MAGNET HS",2007,"4 Year August",125,94,25,54,15,15,13,NULL,-73.7461,40.6982
6467,"29Q494","LAW, GOVERNMENT AND COMMUNITY SERVICE HIGH SCHOOL",2007,"4 Year August",120,69,8,46,15,36,11,NULL,-73.7455,40.6984
6489,"29Q496","BUSINESS/COMPUTER APPLICATIONS & ENTREPRENEURSHIP",2007,"4 Year August",119,67,6,46,15,31,16,NULL,-73.7467,40.6981
6511,"29Q498","HUMANITIES AND ARTS MAGNET HIGH SCHOOL",2007,"4 Year August",107,83,4,68,11,9,11,NULL,-73.7462,40.6986
6533,"30Q445","WILLIAM CULLEN BRYANT HIGH SCHOOL",2007,"4 Year August",748,424,115,255,54,153,155,NULL,-73.9105,40.7579
6555,"30Q450","LONG ISLAND CITY HIGH SCHOOL",2007,"4 Year August",831,551,82,413,56,176,84,NULL,-73.9333,40.7657
6577,"30Q501","FRANK SINATRA SCHOOL OF THE ARTS HIGH SCHOOL",2007,"4 Year August",138,128,42,79,7,10,0,NULL,-73.925,40.7563
6593,"30Q502","INFORMATION TECHNOLOGY HIGH SCHOOL",2007,"4 Year August",248,180,20,140,20,44,15,NULL,-73.9468,40.7486
6615,"30Q555","NEWCOMERS HIGH SCHOOL",2007,"4 Year August",247,180,42,118,20,43,21,NULL,-73.9369,40.7515
6637,"30Q575","ACADEMY OF AMERICAN STUDIES",2007,"4 Year August",155,138,63,70,5,14,1,NULL,-73.9375,40.7512
6656,"30Q580","BACCALAUREATE SCHOOL FOR GLOBAL EDUCATION",2007,"4 Year August",64,64,13,51,0,0,0,NULL,-73.9269,40.755
6666,"31R047","CSI HIGH SCHOOL FOR INTERNATIONAL STUDIES",2007,"4 Year August",102,96,15,74,7,5,1,NULL,-74.1587,40.5823
6688,"31R080","THE MICHAEL J PETRIDES SCHOOL",2007,"4 Year August",127,110,36,63,11,16,1,NULL,-74.1053,40.6085
6710,"31R440","NEW DORP HIGH SCHOOL",2007,"4 Year August",578,438,68,304,66,74,56,NULL,-74.1073,40.5698
6732,"31R445","PORT RICHMOND HIGH SCHOOL",2007,"4 Year August",598,382,65,252,65,97,71,NULL,-74.1422,40.6346
6754,"31R450","CURTIS HIGH SCHOOL",2007,"4 Year August",691,486,104,342,40,141,49,NULL,-74.0818,40.645
6776,"31R455","TOTTENVILLE HIGH SCHOOL",2007,"4 Year August",1004,839,310,424,105,84,67,NULL,-74.1924,40.5278
6798,"31R460","SUSAN E WAGNER HIGH SCHOOL",2007,"4 Year August",761,620,187,351,82,70,51,NULL,-74.1245,40.5974
6820,"31R470","CONCORD HIGH SCHOOL",2007,"4 Year August",83,26,0,19,7,30,27,NULL,-74.0869,40.6109
6842,"31R600","RALPH R MCKEE CAREER AND TECHNICAL HIGH SCHOOL",2007,"4 Year August",168,104,15,73,16,37,14,NULL,-74.0794,40.643
6864,"31R605","STATEN ISLAND TECHNICAL HIGH SCHOOL",2007,"4 Year August",210,210,203,7,0,0,0,NULL,-74.1157,40.568
6870,"32K403","ACADEMY FOR ENVIRONMENTAL LEADERSHIP",2007,"4 Year August",103,75,3,54,18,9,17,NULL,-73.9115,40.697
6898,"32K545","EBC HIGH SCHOOL FOR PUBLIC SERVICE",2007,"4 Year August",169,101,16,42,43,49,18,NULL,-73.9293,40.6947
6914,"32K549","BUSHWICK SCHOOL FOR SOCIAL JUSTICE",2007,"4 Year August",103,71,4,58,9,14,14,NULL,-73.9118,40.6972
6930,"32K552","ACADEMY OF URBAN PLANNING",2007,"4 Year August",123,78,5,63,10,20,23,NULL,-73.9117,40.6968
6946,"32K554","ALL CITY LEADERSHIP SECONDARY SCHOOL",2007,"4 Year August",35,35,4,25,6,0,0,NULL,-73.9139,40.6975
6962,"32K556","BUSHWICK LEADERS HS FOR ACADEMIC EXCELLENCE",2007,"4 Year August",138,68,4,40,24,54,16,NULL,-73.9276,40.6952
6984,"32K564","BUSHWICK COMMUNITY HIGH SCHOOL",2007,"4 Year August",149,6,0,3,3,77,61,NULL,-73.9152,40.6958